日付,ゲームタイプ,球団,ホーム・ビジター,スコア,対戦球団,GameID
2026-03-27,公式戦,オリックス,ホーム,0,楽天,NPB20260327BE05
2026-03-27,公式戦,楽天,ビジター,10,オリックス,NPB20260327BE05
2026-03-27,公式戦,DeNA,ホーム,2,ヤクルト,NPB20260327DBYS02
2026-03-27,公式戦,ヤクルト,ビジター,3,DeNA,NPB20260327DBYS02
2026-03-27,公式戦,広島,ホーム,6,中日,NPB20260327HCCD03
2026-03-27,公式戦,中日,ビジター,5,広島,NPB20260327HCCD03
2026-03-27,公式戦,ロッテ,ホーム,3,西武,NPB20260327ML04
2026-03-27,公式戦,西武,ビジター,1,ロッテ,NPB20260327ML04
2026-03-27,公式戦,ソフトバンク,ホーム,6,日本ハム,NPB20260327SHF06
2026-03-27,公式戦,日本ハム,ビジター,5,ソフトバンク,NPB20260327SHF06
2026-03-27,公式戦,巨人,ホーム,3,阪神,NPB20260327YGHT01
2026-03-27,公式戦,阪神,ビジター,1,巨人,NPB20260327YGHT01
2026-03-28,公式戦,オリックス,ホーム,6,楽天,NPB20260328BE05
2026-03-28,公式戦,楽天,ビジター,0,オリックス,NPB20260328BE05
2026-03-28,公式戦,DeNA,ホーム,2,ヤクルト,NPB20260328DBYS02
2026-03-28,公式戦,ヤクルト,ビジター,5,DeNA,NPB20260328DBYS02
2026-03-28,公式戦,広島,ホーム,2,中日,NPB20260328HCCD03
2026-03-28,公式戦,中日,ビジター,1,広島,NPB20260328HCCD03
2026-03-28,公式戦,ロッテ,ホーム,11,西武,NPB20260328ML04
2026-03-28,公式戦,西武,ビジター,0,ロッテ,NPB20260328ML04
2026-03-28,公式戦,ソフトバンク,ホーム,6,日本ハム,NPB20260328SHF06
2026-03-28,公式戦,日本ハム,ビジター,4,ソフトバンク,NPB20260328SHF06
2026-03-28,公式戦,巨人,ホーム,0,阪神,NPB20260328YGHT01
2026-03-28,公式戦,阪神,ビジター,2,巨人,NPB20260328YGHT01
2026-03-29,公式戦,オリックス,ホーム,5,楽天,NPB20260329BE05
2026-03-29,公式戦,楽天,ビジター,4,オリックス,NPB20260329BE05
2026-03-29,公式戦,DeNA,ホーム,3,ヤクルト,NPB20260329DBYS02
2026-03-29,公式戦,ヤクルト,ビジター,5,DeNA,NPB20260329DBYS02
2026-03-29,公式戦,広島,ホーム,1,中日,NPB20260329HCCD03
2026-03-29,公式戦,中日,ビジター,0,広島,NPB20260329HCCD03
2026-03-29,公式戦,ロッテ,ホーム,0,西武,NPB20260329ML04
2026-03-29,公式戦,西武,ビジター,4,ロッテ,NPB20260329ML04
2026-03-29,公式戦,ソフトバンク,ホーム,8,日本ハム,NPB20260329SHF06
2026-03-29,公式戦,日本ハム,ビジター,4,ソフトバンク,NPB20260329SHF06
2026-03-29,公式戦,巨人,ホーム,6,阪神,NPB20260329YGHT01
2026-03-29,公式戦,阪神,ビジター,12,巨人,NPB20260329YGHT01
2026-03-31,公式戦,中日,ホーム,2,巨人,NPB20260331CDYG02
2026-03-31,公式戦,巨人,ビジター,5,中日,NPB20260331CDYG02
2026-03-31,公式戦,楽天,ホーム,2,ソフトバンク,NPB20260331ESH05
2026-03-31,公式戦,ソフトバンク,ビジター,4,楽天,NPB20260331ESH05
2026-03-31,公式戦,日本ハム,ホーム,9,ロッテ,NPB20260331FM04
2026-03-31,公式戦,ロッテ,ビジター,0,日本ハム,NPB20260331FM04
2026-03-31,公式戦,阪神,ホーム,4,DeNA,NPB20260331HTDB03
2026-03-31,公式戦,DeNA,ビジター,1,阪神,NPB20260331HTDB03
2026-03-31,公式戦,西武,ホーム,5,オリックス,NPB20260331LB06
2026-03-31,公式戦,オリックス,ビジター,3,西武,NPB20260331LB06
2026-03-31,公式戦,ヤクルト,ホーム,8,広島,NPB20260331YSHC01
2026-03-31,公式戦,広島,ビジター,3,ヤクルト,NPB20260331YSHC01
2026-04-01,公式戦,中日,ホーム,5,巨人,NPB20260401CDYG01
2026-04-01,公式戦,巨人,ビジター,6,中日,NPB20260401CDYG01
2026-04-01,公式戦,楽天,ホーム,1,ソフトバンク,NPB20260401ESH04
2026-04-01,公式戦,ソフトバンク,ビジター,6,楽天,NPB20260401ESH04
2026-04-01,公式戦,日本ハム,ホーム,2,ロッテ,NPB20260401FM03
2026-04-01,公式戦,ロッテ,ビジター,4,日本ハム,NPB20260401FM03
2026-04-01,公式戦,阪神,ホーム,1,DeNA,NPB20260401HTDB02
2026-04-01,公式戦,DeNA,ビジター,4,阪神,NPB20260401HTDB02
2026-04-01,公式戦,西武,ホーム,0,オリックス,NPB20260401LB05
2026-04-01,公式戦,オリックス,ビジター,4,西武,NPB20260401LB05
2026-04-02,公式戦,中日,ホーム,2,巨人,NPB20260402CDYG02
2026-04-02,公式戦,巨人,ビジター,1,中日,NPB20260402CDYG02
2026-04-02,公式戦,楽天,ホーム,5,ソフトバンク,NPB20260402ESH05
2026-04-02,公式戦,ソフトバンク,ビジター,4,楽天,NPB20260402ESH05
2026-04-02,公式戦,日本ハム,ホーム,7,ロッテ,NPB20260402FM04
2026-04-02,公式戦,ロッテ,ビジター,1,日本ハム,NPB20260402FM04
2026-04-02,公式戦,阪神,ホーム,4,DeNA,NPB20260402HTDB03
2026-04-02,公式戦,DeNA,ビジター,3,阪神,NPB20260402HTDB03
2026-04-02,公式戦,西武,ホーム,3,オリックス,NPB20260402LB06
2026-04-02,公式戦,オリックス,ビジター,7,西武,NPB20260402LB06
2026-04-02,公式戦,ヤクルト,ホーム,2,広島,NPB20260402YSHC01
2026-04-02,公式戦,広島,ビジター,1,ヤクルト,NPB20260402YSHC01
2026-04-03,公式戦,日本ハム,ホーム,12,オリックス,NPB20260403FB04
2026-04-03,公式戦,オリックス,ビジター,3,日本ハム,NPB20260403FB04
2026-04-03,公式戦,広島,ホーム,2,阪神,NPB20260403HCHT03
2026-04-03,公式戦,阪神,ビジター,4,広島,NPB20260403HCHT03
2026-04-03,公式戦,西武,ホーム,3,楽天,NPB20260403LE05
2026-04-03,公式戦,楽天,ビジター,6,西武,NPB20260403LE05
2026-04-03,公式戦,ロッテ,ホーム,3,ソフトバンク,NPB20260403MSH06
2026-04-03,公式戦,ソフトバンク,ビジター,2,ロッテ,NPB20260403MSH06
2026-04-03,公式戦,巨人,ホーム,1,DeNA,NPB20260403YGDB01
2026-04-03,公式戦,DeNA,ビジター,3,巨人,NPB20260403YGDB01
2026-04-03,公式戦,ヤクルト,ホーム,0,中日,NPB20260403YSCD02
2026-04-03,公式戦,中日,ビジター,1,ヤクルト,NPB20260403YSCD02
2026-04-04,公式戦,日本ハム,ホーム,6,オリックス,NPB20260404FB04
2026-04-04,公式戦,オリックス,ビジター,3,日本ハム,NPB20260404FB04
2026-04-04,公式戦,広島,ホーム,5,阪神,NPB20260404HCHT03
2026-04-04,公式戦,阪神,ビジター,7,広島,NPB20260404HCHT03
2026-04-04,公式戦,西武,ホーム,1,楽天,NPB20260404LE05
2026-04-04,公式戦,楽天,ビジター,2,西武,NPB20260404LE05
2026-04-04,公式戦,ロッテ,ホーム,2,ソフトバンク,NPB20260404MSH06
2026-04-04,公式戦,ソフトバンク,ビジター,5,ロッテ,NPB20260404MSH06
2026-04-04,公式戦,巨人,ホーム,8,DeNA,NPB20260404YGDB01
2026-04-04,公式戦,DeNA,ビジター,4,巨人,NPB20260404YGDB01
2026-04-04,公式戦,ヤクルト,ホーム,11,中日,NPB20260404YSCD02
2026-04-04,公式戦,中日,ビジター,6,ヤクルト,NPB20260404YSCD02
2026-04-05,公式戦,日本ハム,ホーム,8,オリックス,NPB20260405FB04
2026-04-05,公式戦,オリックス,ビジター,2,日本ハム,NPB20260405FB04
2026-04-05,公式戦,広島,ホーム,2,阪神,NPB20260405HCHT03
2026-04-05,公式戦,阪神,ビジター,1,広島,NPB20260405HCHT03
2026-04-05,公式戦,西武,ホーム,1,楽天,NPB20260405LE05
2026-04-05,公式戦,楽天,ビジター,1,西武,NPB20260405LE05
2026-04-05,公式戦,ロッテ,ホーム,3,ソフトバンク,NPB20260405MSH06
2026-04-05,公式戦,ソフトバンク,ビジター,4,ロッテ,NPB20260405MSH06
2026-04-05,公式戦,巨人,ホーム,3,DeNA,NPB20260405YGDB01
2026-04-05,公式戦,DeNA,ビジター,2,巨人,NPB20260405YGDB01
2026-04-05,公式戦,ヤクルト,ホーム,7,中日,NPB20260405YSCD02
2026-04-05,公式戦,中日,ビジター,5,ヤクルト,NPB20260405YSCD02
2026-04-07,公式戦,オリックス,ホーム,3,ロッテ,NPB20260407BM05
2026-04-07,公式戦,ロッテ,ビジター,1,オリックス,NPB20260407BM05
2026-04-07,公式戦,DeNA,ホーム,5,中日,NPB20260407DBCD01
2026-04-07,公式戦,中日,ビジター,3,DeNA,NPB20260407DBCD01
2026-04-07,公式戦,楽天,ホーム,3,日本ハム,NPB20260407EF04
2026-04-07,公式戦,日本ハム,ビジター,0,楽天,NPB20260407EF04
2026-04-07,公式戦,広島,ホーム,5,巨人,NPB20260407HCYG03
2026-04-07,公式戦,巨人,ビジター,2,広島,NPB20260407HCYG03
2026-04-07,公式戦,阪神,ホーム,9,ヤクルト,NPB20260407HTYS02
2026-04-07,公式戦,ヤクルト,ビジター,3,阪神,NPB20260407HTYS02
2026-04-07,公式戦,ソフトバンク,ホーム,6,西武,NPB20260407SHL06
2026-04-07,公式戦,西武,ビジター,8,ソフトバンク,NPB20260407SHL06
2026-04-08,公式戦,オリックス,ホーム,9,ロッテ,NPB20260408BM05
2026-04-08,公式戦,ロッテ,ビジター,1,オリックス,NPB20260408BM05
2026-04-08,公式戦,DeNA,ホーム,4,中日,NPB20260408DBCD01
2026-04-08,公式戦,中日,ビジター,6,DeNA,NPB20260408DBCD01
2026-04-08,公式戦,楽天,ホーム,0,日本ハム,NPB20260408EF04
2026-04-08,公式戦,日本ハム,ビジター,1,楽天,NPB20260408EF04
2026-04-08,公式戦,広島,ホーム,1,巨人,NPB20260408HCYG03
2026-04-08,公式戦,巨人,ビジター,2,広島,NPB20260408HCYG03
2026-04-08,公式戦,阪神,ホーム,2,ヤクルト,NPB20260408HTYS02
2026-04-08,公式戦,ヤクルト,ビジター,3,阪神,NPB20260408HTYS02
2026-04-08,公式戦,ソフトバンク,ホーム,1,西武,NPB20260408SHL06
2026-04-08,公式戦,西武,ビジター,2,ソフトバンク,NPB20260408SHL06
2026-04-09,公式戦,オリックス,ホーム,2,ロッテ,NPB20260409BM03
2026-04-09,公式戦,ロッテ,ビジター,1,オリックス,NPB20260409BM03
2026-04-09,公式戦,楽天,ホーム,2,日本ハム,NPB20260409EF02
2026-04-09,公式戦,日本ハム,ビジター,4,楽天,NPB20260409EF02
2026-04-09,公式戦,阪神,ホーム,2,ヤクルト,NPB20260409HTYS01
2026-04-09,公式戦,ヤクルト,ビジター,0,阪神,NPB20260409HTYS01
2026-04-09,公式戦,ソフトバンク,ホーム,2,西武,NPB20260409SHL04
2026-04-09,公式戦,西武,ビジター,0,ソフトバンク,NPB20260409SHL04
2026-04-10,公式戦,中日,ホーム,3,阪神,NPB20260410CDHT02
2026-04-10,公式戦,阪神,ビジター,5,中日,NPB20260410CDHT02
2026-04-10,公式戦,西武,ホーム,3,ロッテ,NPB20260410LM03
2026-04-10,公式戦,ロッテ,ビジター,6,西武,NPB20260410LM03
2026-04-10,公式戦,巨人,ホーム,3,ヤクルト,NPB20260410YGYS01
2026-04-10,公式戦,ヤクルト,ビジター,2,巨人,NPB20260410YGYS01
2026-04-11,公式戦,中日,ホーム,3,阪神,NPB20260411CDHT03
2026-04-11,公式戦,阪神,ビジター,9,中日,NPB20260411CDHT03
2026-04-11,公式戦,DeNA,ホーム,4,広島,NPB20260411DBHC02
2026-04-11,公式戦,広島,ビジター,3,DeNA,NPB20260411DBHC02
2026-04-11,公式戦,楽天,ホーム,11,オリックス,NPB20260411EB05
2026-04-11,公式戦,オリックス,ビジター,4,楽天,NPB20260411EB05
2026-04-11,公式戦,日本ハム,ホーム,3,ソフトバンク,NPB20260411FSH04
2026-04-11,公式戦,ソフトバンク,ビジター,6,日本ハム,NPB20260411FSH04
2026-04-11,公式戦,西武,ホーム,5,ロッテ,NPB20260411LM06
2026-04-11,公式戦,ロッテ,ビジター,2,西武,NPB20260411LM06
2026-04-11,公式戦,巨人,ホーム,2,ヤクルト,NPB20260411YGYS01
2026-04-11,公式戦,ヤクルト,ビジター,3,巨人,NPB20260411YGYS01
2026-04-12,公式戦,中日,ホーム,0,阪神,NPB20260412CDHT03
2026-04-12,公式戦,阪神,ビジター,3,中日,NPB20260412CDHT03
2026-04-12,公式戦,DeNA,ホーム,6,広島,NPB20260412DBHC02
2026-04-12,公式戦,広島,ビジター,5,DeNA,NPB20260412DBHC02
2026-04-12,公式戦,楽天,ホーム,4,オリックス,NPB20260412EB05
2026-04-12,公式戦,オリックス,ビジター,0,楽天,NPB20260412EB05
2026-04-12,公式戦,日本ハム,ホーム,7,ソフトバンク,NPB20260412FSH04
2026-04-12,公式戦,ソフトバンク,ビジター,11,日本ハム,NPB20260412FSH04
2026-04-12,公式戦,西武,ホーム,2,ロッテ,NPB20260412LM06
2026-04-12,公式戦,ロッテ,ビジター,1,西武,NPB20260412LM06
2026-04-12,公式戦,巨人,ホーム,0,ヤクルト,NPB20260412YGYS01
2026-04-12,公式戦,ヤクルト,ビジター,2,巨人,NPB20260412YGYS01
2026-04-14,公式戦,オリックス,ホーム,5,西武,NPB20260414BL05
2026-04-14,公式戦,西武,ビジター,1,オリックス,NPB20260414BL05
2026-04-14,公式戦,中日,ホーム,6,広島,NPB20260414CDHC02
2026-04-14,公式戦,広島,ビジター,2,中日,NPB20260414CDHC02
2026-04-14,公式戦,阪神,ホーム,3,巨人,NPB20260414HTYG03
2026-04-14,公式戦,巨人,ビジター,4,阪神,NPB20260414HTYG03
2026-04-14,公式戦,ロッテ,ホーム,1,日本ハム,NPB20260414MF04
2026-04-14,公式戦,日本ハム,ビジター,5,ロッテ,NPB20260414MF04
2026-04-14,公式戦,ソフトバンク,ホーム,2,楽天,NPB20260414SHE06
2026-04-14,公式戦,楽天,ビジター,3,ソフトバンク,NPB20260414SHE06
2026-04-14,公式戦,ヤクルト,ホーム,5,DeNA,NPB20260414YSDB01
2026-04-14,公式戦,DeNA,ビジター,3,ヤクルト,NPB20260414YSDB01
2026-04-15,公式戦,オリックス,ホーム,3,西武,NPB20260415BL03
2026-04-15,公式戦,西武,ビジター,1,オリックス,NPB20260415BL03
2026-04-15,公式戦,中日,ホーム,2,広島,NPB20260415CDHC01
2026-04-15,公式戦,広島,ビジター,5,中日,NPB20260415CDHC01
2026-04-15,公式戦,ロッテ,ホーム,9,日本ハム,NPB20260415MF02
2026-04-15,公式戦,日本ハム,ビジター,7,ロッテ,NPB20260415MF02
2026-04-15,公式戦,ソフトバンク,ホーム,2,楽天,NPB20260415SHE04
2026-04-15,公式戦,楽天,ビジター,3,ソフトバンク,NPB20260415SHE04
2026-04-16,公式戦,オリックス,ホーム,7,西武,NPB20260416BL04
2026-04-16,公式戦,西武,ビジター,1,オリックス,NPB20260416BL04
2026-04-16,公式戦,阪神,ホーム,3,巨人,NPB20260416HTYG02
2026-04-16,公式戦,巨人,ビジター,4,阪神,NPB20260416HTYG02
2026-04-16,公式戦,ロッテ,ホーム,5,日本ハム,NPB20260416MF03
2026-04-16,公式戦,日本ハム,ビジター,3,ロッテ,NPB20260416MF03
2026-04-16,公式戦,ソフトバンク,ホーム,6,楽天,NPB20260416SHE05
2026-04-16,公式戦,楽天,ビジター,0,ソフトバンク,NPB20260416SHE05
2026-04-16,公式戦,ヤクルト,ホーム,2,DeNA,NPB20260416YSDB01
2026-04-16,公式戦,DeNA,ビジター,0,ヤクルト,NPB20260416YSDB01
2026-04-17,公式戦,楽天,ホーム,1,ロッテ,NPB20260417EM05
2026-04-17,公式戦,ロッテ,ビジター,0,楽天,NPB20260417EM05
2026-04-17,公式戦,日本ハム,ホーム,3,西武,NPB20260417FL04
2026-04-17,公式戦,西武,ビジター,5,日本ハム,NPB20260417FL04
2026-04-17,公式戦,広島,ホーム,1,DeNA,NPB20260417HCDB03
2026-04-17,公式戦,DeNA,ビジター,5,広島,NPB20260417HCDB03
2026-04-17,公式戦,阪神,ホーム,2,中日,NPB20260417HTCD02
2026-04-17,公式戦,中日,ビジター,1,阪神,NPB20260417HTCD02
2026-04-17,公式戦,ソフトバンク,ホーム,4,オリックス,NPB20260417SHB06
2026-04-17,公式戦,オリックス,ビジター,13,ソフトバンク,NPB20260417SHB06
2026-04-17,公式戦,ヤクルト,ホーム,2,巨人,NPB20260417YSYG01
2026-04-17,公式戦,巨人,ビジター,8,ヤクルト,NPB20260417YSYG01
2026-04-18,公式戦,楽天,ホーム,9,ロッテ,NPB20260418EM05
2026-04-18,公式戦,ロッテ,ビジター,1,楽天,NPB20260418EM05
2026-04-18,公式戦,日本ハム,ホーム,5,西武,NPB20260418FL04
2026-04-18,公式戦,西武,ビジター,3,日本ハム,NPB20260418FL04
2026-04-18,公式戦,広島,ホーム,2,DeNA,NPB20260418HCDB03
2026-04-18,公式戦,DeNA,ビジター,7,広島,NPB20260418HCDB03
2026-04-18,公式戦,阪神,ホーム,4,中日,NPB20260418HTCD02
2026-04-18,公式戦,中日,ビジター,3,阪神,NPB20260418HTCD02
2026-04-18,公式戦,ソフトバンク,ホーム,7,オリックス,NPB20260418SHB06
2026-04-18,公式戦,オリックス,ビジター,0,ソフトバンク,NPB20260418SHB06
2026-04-18,公式戦,ヤクルト,ホーム,4,巨人,NPB20260418YSYG01
2026-04-18,公式戦,巨人,ビジター,3,ヤクルト,NPB20260418YSYG01
2026-04-19,公式戦,楽天,ホーム,5,ロッテ,NPB20260419EM05
2026-04-19,公式戦,ロッテ,ビジター,8,楽天,NPB20260419EM05
2026-04-19,公式戦,日本ハム,ホーム,3,西武,NPB20260419FL04
2026-04-19,公式戦,西武,ビジター,15,日本ハム,NPB20260419FL04
2026-04-19,公式戦,広島,ホーム,0,DeNA,NPB20260419HCDB03
2026-04-19,公式戦,DeNA,ビジター,2,広島,NPB20260419HCDB03
2026-04-19,公式戦,阪神,ホーム,7,中日,NPB20260419HTCD02
2026-04-19,公式戦,中日,ビジター,5,阪神,NPB20260419HTCD02
2026-04-19,公式戦,ソフトバンク,ホーム,1,オリックス,NPB20260419SHB06
2026-04-19,公式戦,オリックス,ビジター,2,ソフトバンク,NPB20260419SHB06
2026-04-19,公式戦,ヤクルト,ホーム,3,巨人,NPB20260419YSYG01
2026-04-19,公式戦,巨人,ビジター,1,ヤクルト,NPB20260419YSYG01
2026-04-21,公式戦,DeNA,ホーム,16,阪神,NPB20260421DBHT02
2026-04-21,公式戦,阪神,ビジター,9,DeNA,NPB20260421DBHT02
2026-04-21,公式戦,日本ハム,ホーム,3,楽天,NPB20260421FE04
2026-04-21,公式戦,楽天,ビジター,1,日本ハム,NPB20260421FE04
2026-04-21,公式戦,広島,ホーム,2,ヤクルト,NPB20260421HCYS03
2026-04-21,公式戦,ヤクルト,ビジター,1,広島,NPB20260421HCYS03
2026-04-21,公式戦,西武,ホーム,6,ソフトバンク,NPB20260421LSH05
2026-04-21,公式戦,ソフトバンク,ビジター,4,西武,NPB20260421LSH05
2026-04-21,公式戦,ロッテ,ホーム,7,オリックス,NPB20260421MB06
2026-04-21,公式戦,オリックス,ビジター,4,ロッテ,NPB20260421MB06
2026-04-21,公式戦,巨人,ホーム,2,中日,NPB20260421YGCD01
2026-04-21,公式戦,中日,ビジター,1,巨人,NPB20260421YGCD01
2026-04-22,公式戦,DeNA,ホーム,7,阪神,NPB20260422DBHT02
2026-04-22,公式戦,阪神,ビジター,6,DeNA,NPB20260422DBHT02
2026-04-22,公式戦,日本ハム,ホーム,5,楽天,NPB20260422FE04
2026-04-22,公式戦,楽天,ビジター,4,日本ハム,NPB20260422FE04
2026-04-22,公式戦,広島,ホーム,0,ヤクルト,NPB20260422HCYS03
2026-04-22,公式戦,ヤクルト,ビジター,2,広島,NPB20260422HCYS03
2026-04-22,公式戦,西武,ホーム,3,ソフトバンク,NPB20260422LSH05
2026-04-22,公式戦,ソフトバンク,ビジター,1,西武,NPB20260422LSH05
2026-04-22,公式戦,ロッテ,ホーム,1,オリックス,NPB20260422MB06
2026-04-22,公式戦,オリックス,ビジター,4,ロッテ,NPB20260422MB06
2026-04-22,公式戦,巨人,ホーム,5,中日,NPB20260422YGCD01
2026-04-22,公式戦,中日,ビジター,1,巨人,NPB20260422YGCD01
2026-04-23,公式戦,日本ハム,ホーム,2,楽天,NPB20260423FE02
2026-04-23,公式戦,楽天,ビジター,3,日本ハム,NPB20260423FE02
2026-04-23,公式戦,広島,ホーム,0,ヤクルト,NPB20260423HCYS01
2026-04-23,公式戦,ヤクルト,ビジター,2,広島,NPB20260423HCYS01
2026-04-23,公式戦,西武,ホーム,3,ソフトバンク,NPB20260423LSH03
2026-04-23,公式戦,ソフトバンク,ビジター,4,西武,NPB20260423LSH03
2026-04-24,公式戦,オリックス,ホーム,3,日本ハム,NPB20260424BF03
2026-04-24,公式戦,日本ハム,ビジター,2,オリックス,NPB20260424BF03
2026-04-24,公式戦,中日,ホーム,6,ヤクルト,NPB20260424CDYS02
2026-04-24,公式戦,ヤクルト,ビジター,4,中日,NPB20260424CDYS02
2026-04-24,公式戦,DeNA,ホーム,2,巨人,NPB20260424DBYG01
2026-04-24,公式戦,巨人,ビジター,1,DeNA,NPB20260424DBYG01
2026-04-25,公式戦,オリックス,ホーム,4,日本ハム,NPB20260425BF05
2026-04-25,公式戦,日本ハム,ビジター,2,オリックス,NPB20260425BF05
2026-04-25,公式戦,中日,ホーム,5,ヤクルト,NPB20260425CDYS02
2026-04-25,公式戦,ヤクルト,ビジター,2,中日,NPB20260425CDYS02
2026-04-25,公式戦,DeNA,ホーム,2,巨人,NPB20260425DBYG01
2026-04-25,公式戦,巨人,ビジター,7,DeNA,NPB20260425DBYG01
2026-04-25,公式戦,楽天,ホーム,7,西武,NPB20260425EL04
2026-04-25,公式戦,西武,ビジター,9,楽天,NPB20260425EL04
2026-04-25,公式戦,阪神,ホーム,2,広島,NPB20260425HTHC03
2026-04-25,公式戦,広島,ビジター,2,阪神,NPB20260425HTHC03
2026-04-25,公式戦,ソフトバンク,ホーム,0,ロッテ,NPB20260425SHM06
2026-04-25,公式戦,ロッテ,ビジター,5,ソフトバンク,NPB20260425SHM06
2026-04-26,公式戦,オリックス,ホーム,9,日本ハム,NPB20260426BF05
2026-04-26,公式戦,日本ハム,ビジター,4,オリックス,NPB20260426BF05
2026-04-26,公式戦,中日,ホーム,3,ヤクルト,NPB20260426CDYS02
2026-04-26,公式戦,ヤクルト,ビジター,0,中日,NPB20260426CDYS02
2026-04-26,公式戦,DeNA,ホーム,1,巨人,NPB20260426DBYG01
2026-04-26,公式戦,巨人,ビジター,4,DeNA,NPB20260426DBYG01
2026-04-26,公式戦,楽天,ホーム,0,西武,NPB20260426EL04
2026-04-26,公式戦,西武,ビジター,3,楽天,NPB20260426EL04
2026-04-26,公式戦,阪神,ホーム,1,広島,NPB20260426HTHC03
2026-04-26,公式戦,広島,ビジター,0,阪神,NPB20260426HTHC03
2026-04-28,公式戦,オリックス,ホーム,1,ソフトバンク,NPB20260428BSH06
2026-04-28,公式戦,ソフトバンク,ビジター,7,オリックス,NPB20260428BSH06
2026-04-28,公式戦,中日,ホーム,3,DeNA,NPB20260428CDDB03
2026-04-28,公式戦,DeNA,ビジター,0,中日,NPB20260428CDDB03
2026-04-28,公式戦,西武,ホーム,1,日本ハム,NPB20260428LF04
2026-04-28,公式戦,日本ハム,ビジター,2,西武,NPB20260428LF04
2026-04-28,公式戦,ロッテ,ホーム,3,楽天,NPB20260428ME05
2026-04-28,公式戦,楽天,ビジター,1,ロッテ,NPB20260428ME05
2026-04-28,公式戦,巨人,ホーム,1,広島,NPB20260428YGHC01
2026-04-28,公式戦,広島,ビジター,11,巨人,NPB20260428YGHC01
2026-04-28,公式戦,ヤクルト,ホーム,10,阪神,NPB20260428YSHT02
2026-04-28,公式戦,阪神,ビジター,5,ヤクルト,NPB20260428YSHT02
2026-04-29,公式戦,オリックス,ホーム,5,ソフトバンク,NPB20260429BSH06
2026-04-29,公式戦,ソフトバンク,ビジター,4,オリックス,NPB20260429BSH06
2026-04-29,公式戦,中日,ホーム,2,DeNA,NPB20260429CDDB03
2026-04-29,公式戦,DeNA,ビジター,4,中日,NPB20260429CDDB03
2026-04-29,公式戦,西武,ホーム,3,日本ハム,NPB20260429LF04
2026-04-29,公式戦,日本ハム,ビジター,0,西武,NPB20260429LF04
2026-04-29,公式戦,ロッテ,ホーム,5,楽天,NPB20260429ME05
2026-04-29,公式戦,楽天,ビジター,3,ロッテ,NPB20260429ME05
2026-04-29,公式戦,巨人,ホーム,4,広島,NPB20260429YGHC01
2026-04-29,公式戦,広島,ビジター,2,巨人,NPB20260429YGHC01
2026-04-29,公式戦,ヤクルト,ホーム,0,阪神,NPB20260429YSHT02
2026-04-29,公式戦,阪神,ビジター,2,ヤクルト,NPB20260429YSHT02
2026-04-30,公式戦,中日,ホーム,2,DeNA,NPB20260430CDDB03
2026-04-30,公式戦,DeNA,ビジター,6,中日,NPB20260430CDDB03
2026-04-30,公式戦,西武,ホーム,2,日本ハム,NPB20260430LF04
2026-04-30,公式戦,日本ハム,ビジター,3,西武,NPB20260430LF04
2026-04-30,公式戦,巨人,ホーム,2,広島,NPB20260430YGHC01
2026-04-30,公式戦,広島,ビジター,3,巨人,NPB20260430YGHC01
2026-04-30,公式戦,ヤクルト,ホーム,2,阪神,NPB20260430YSHT02
2026-04-30,公式戦,阪神,ビジター,10,ヤクルト,NPB20260430YSHT02
2026-05-01,公式戦,日本ハム,ホーム,5,オリックス,NPB20260501FB04
2026-05-01,公式戦,オリックス,ビジター,1,日本ハム,NPB20260501FB04
2026-05-01,公式戦,広島,ホーム,7,中日,NPB20260501HCCD03
2026-05-01,公式戦,中日,ビジター,3,広島,NPB20260501HCCD03
2026-05-01,公式戦,阪神,ホーム,3,巨人,NPB20260501HTYG02
2026-05-01,公式戦,巨人,ビジター,5,阪神,NPB20260501HTYG02
2026-05-01,公式戦,ロッテ,ホーム,0,西武,NPB20260501ML05
2026-05-01,公式戦,西武,ビジター,10,ロッテ,NPB20260501ML05
2026-05-01,公式戦,ソフトバンク,ホーム,4,楽天,NPB20260501SHE06
2026-05-01,公式戦,楽天,ビジター,1,ソフトバンク,NPB20260501SHE06
2026-05-01,公式戦,ヤクルト,ホーム,16,DeNA,NPB20260501YSDB01
2026-05-01,公式戦,DeNA,ビジター,5,ヤクルト,NPB20260501YSDB01
2026-05-02,公式戦,日本ハム,ホーム,9,オリックス,NPB20260502FB04
2026-05-02,公式戦,オリックス,ビジター,10,日本ハム,NPB20260502FB04
2026-05-02,公式戦,広島,ホーム,0,中日,NPB20260502HCCD03
2026-05-02,公式戦,中日,ビジター,4,広島,NPB20260502HCCD03
2026-05-02,公式戦,阪神,ホーム,7,巨人,NPB20260502HTYG02
2026-05-02,公式戦,巨人,ビジター,5,阪神,NPB20260502HTYG02
2026-05-02,公式戦,ロッテ,ホーム,4,西武,NPB20260502ML05
2026-05-02,公式戦,西武,ビジター,5,ロッテ,NPB20260502ML05
2026-05-02,公式戦,ソフトバンク,ホーム,5,楽天,NPB20260502SHE06
2026-05-02,公式戦,楽天,ビジター,0,ソフトバンク,NPB20260502SHE06
2026-05-02,公式戦,ヤクルト,ホーム,6,DeNA,NPB20260502YSDB01
2026-05-02,公式戦,DeNA,ビジター,5,ヤクルト,NPB20260502YSDB01
2026-05-03,公式戦,日本ハム,ホーム,3,オリックス,NPB20260503FB03
2026-05-03,公式戦,オリックス,ビジター,0,日本ハム,NPB20260503FB03
2026-05-03,公式戦,阪神,ホーム,3,巨人,NPB20260503HTYG02
2026-05-03,公式戦,巨人,ビジター,0,阪神,NPB20260503HTYG02
2026-05-03,公式戦,ロッテ,ホーム,10,西武,NPB20260503ML04
2026-05-03,公式戦,西武,ビジター,0,ロッテ,NPB20260503ML04
2026-05-03,公式戦,ソフトバンク,ホーム,0,楽天,NPB20260503SHE05
2026-05-03,公式戦,楽天,ビジター,7,ソフトバンク,NPB20260503SHE05
2026-05-03,公式戦,ヤクルト,ホーム,2,DeNA,NPB20260503YSDB01
2026-05-03,公式戦,DeNA,ビジター,12,ヤクルト,NPB20260503YSDB01
2026-05-04,公式戦,オリックス,ホーム,3,ロッテ,NPB20260504BM06
2026-05-04,公式戦,ロッテ,ビジター,0,オリックス,NPB20260504BM06
2026-05-04,公式戦,中日,ホーム,7,阪神,NPB20260504CDHT03
2026-05-04,公式戦,阪神,ビジター,3,中日,NPB20260504CDHT03
2026-05-04,公式戦,DeNA,ホーム,11,広島,NPB20260504DBHC02
2026-05-04,公式戦,広島,ビジター,8,DeNA,NPB20260504DBHC02
2026-05-04,公式戦,楽天,ホーム,3,日本ハム,NPB20260504EF04
2026-05-04,公式戦,日本ハム,ビジター,1,楽天,NPB20260504EF04
2026-05-04,公式戦,西武,ホーム,10,ソフトバンク,NPB20260504LSH05
2026-05-04,公式戦,ソフトバンク,ビジター,2,西武,NPB20260504LSH05
2026-05-04,公式戦,巨人,ホーム,1,ヤクルト,NPB20260504YGYS01
2026-05-04,公式戦,ヤクルト,ビジター,5,巨人,NPB20260504YGYS01
2026-05-05,公式戦,オリックス,ホーム,6,ロッテ,NPB20260505BM06
2026-05-05,公式戦,ロッテ,ビジター,1,オリックス,NPB20260505BM06
2026-05-05,公式戦,中日,ホーム,7,阪神,NPB20260505CDHT03
2026-05-05,公式戦,阪神,ビジター,3,中日,NPB20260505CDHT03
2026-05-05,公式戦,DeNA,ホーム,5,広島,NPB20260505DBHC02
2026-05-05,公式戦,広島,ビジター,5,DeNA,NPB20260505DBHC02
2026-05-05,公式戦,楽天,ホーム,3,日本ハム,NPB20260505EF04
2026-05-05,公式戦,日本ハム,ビジター,2,楽天,NPB20260505EF04
2026-05-05,公式戦,西武,ホーム,4,ソフトバンク,NPB20260505LSH05
2026-05-05,公式戦,ソフトバンク,ビジター,6,西武,NPB20260505LSH05
2026-05-05,公式戦,巨人,ホーム,3,ヤクルト,NPB20260505YGYS01
2026-05-05,公式戦,ヤクルト,ビジター,2,巨人,NPB20260505YGYS01
2026-05-06,公式戦,オリックス,ホーム,3,ロッテ,NPB20260506BM06
2026-05-06,公式戦,ロッテ,ビジター,0,オリックス,NPB20260506BM06
2026-05-06,公式戦,中日,ホーム,0,阪神,NPB20260506CDHT03
2026-05-06,公式戦,阪神,ビジター,2,中日,NPB20260506CDHT03
2026-05-06,公式戦,DeNA,ホーム,0,広島,NPB20260506DBHC02
2026-05-06,公式戦,広島,ビジター,10,DeNA,NPB20260506DBHC02
2026-05-06,公式戦,楽天,ホーム,2,日本ハム,NPB20260506EF04
2026-05-06,公式戦,日本ハム,ビジター,12,楽天,NPB20260506EF04
2026-05-06,公式戦,西武,ホーム,10,ソフトバンク,NPB20260506LSH05
2026-05-06,公式戦,ソフトバンク,ビジター,2,西武,NPB20260506LSH05
2026-05-06,公式戦,巨人,ホーム,0,ヤクルト,NPB20260506YGYS01
2026-05-06,公式戦,ヤクルト,ビジター,5,巨人,NPB20260506YGYS01
2026-05-08,公式戦,オリックス,ホーム,4,日本ハム,NPB20260508BF05
2026-05-08,公式戦,日本ハム,ビジター,3,オリックス,NPB20260508BF05
2026-05-08,公式戦,中日,ホーム,9,巨人,NPB20260508CDYG01
2026-05-08,公式戦,巨人,ビジター,2,中日,NPB20260508CDYG01
2026-05-08,公式戦,広島,ホーム,1,ヤクルト,NPB20260508HCYS03
2026-05-08,公式戦,ヤクルト,ビジター,4,広島,NPB20260508HCYS03
2026-05-08,公式戦,阪神,ホーム,1,DeNA,NPB20260508HTDB02
2026-05-08,公式戦,DeNA,ビジター,10,阪神,NPB20260508HTDB02
2026-05-08,公式戦,西武,ホーム,4,楽天,NPB20260508LE04
2026-05-08,公式戦,楽天,ビジター,2,西武,NPB20260508LE04
2026-05-08,公式戦,ソフトバンク,ホーム,6,ロッテ,NPB20260508SHM06
2026-05-08,公式戦,ロッテ,ビジター,5,ソフトバンク,NPB20260508SHM06
2026-05-09,公式戦,オリックス,ホーム,0,日本ハム,NPB20260509BF05
2026-05-09,公式戦,日本ハム,ビジター,3,オリックス,NPB20260509BF05
2026-05-09,公式戦,中日,ホーム,4,巨人,NPB20260509CDYG01
2026-05-09,公式戦,巨人,ビジター,2,中日,NPB20260509CDYG01
2026-05-09,公式戦,広島,ホーム,0,ヤクルト,NPB20260509HCYS03
2026-05-09,公式戦,ヤクルト,ビジター,4,広島,NPB20260509HCYS03
2026-05-09,公式戦,阪神,ホーム,1,DeNA,NPB20260509HTDB02
2026-05-09,公式戦,DeNA,ビジター,3,阪神,NPB20260509HTDB02
2026-05-09,公式戦,西武,ホーム,6,楽天,NPB20260509LE04
2026-05-09,公式戦,楽天,ビジター,2,西武,NPB20260509LE04
2026-05-09,公式戦,ソフトバンク,ホーム,4,ロッテ,NPB20260509SHM06
2026-05-09,公式戦,ロッテ,ビジター,5,ソフトバンク,NPB20260509SHM06
2026-05-10,公式戦,オリックス,ホーム,0,日本ハム,NPB20260510BF05
2026-05-10,公式戦,日本ハム,ビジター,2,オリックス,NPB20260510BF05
2026-05-10,公式戦,中日,ホーム,4,巨人,NPB20260510CDYG01
2026-05-10,公式戦,巨人,ビジター,9,中日,NPB20260510CDYG01
2026-05-10,公式戦,広島,ホーム,4,ヤクルト,NPB20260510HCYS03
2026-05-10,公式戦,ヤクルト,ビジター,0,広島,NPB20260510HCYS03
2026-05-10,公式戦,阪神,ホーム,3,DeNA,NPB20260510HTDB02
2026-05-10,公式戦,DeNA,ビジター,0,阪神,NPB20260510HTDB02
2026-05-10,公式戦,西武,ホーム,6,楽天,NPB20260510LE04
2026-05-10,公式戦,楽天,ビジター,1,西武,NPB20260510LE04
2026-05-10,公式戦,ソフトバンク,ホーム,8,ロッテ,NPB20260510SHM06
2026-05-10,公式戦,ロッテ,ビジター,3,ソフトバンク,NPB20260510SHM06
2026-05-12,公式戦,DeNA,ホーム,3,中日,NPB20260512DBCD03
2026-05-12,公式戦,中日,ビジター,1,DeNA,NPB20260512DBCD03
2026-05-12,公式戦,楽天,ホーム,0,オリックス,NPB20260512EB04
2026-05-12,公式戦,オリックス,ビジター,2,楽天,NPB20260512EB04
2026-05-12,公式戦,ロッテ,ホーム,2,日本ハム,NPB20260512MF05
2026-05-12,公式戦,日本ハム,ビジター,3,ロッテ,NPB20260512MF05
2026-05-12,公式戦,ソフトバンク,ホーム,0,西武,NPB20260512SHL06
2026-05-12,公式戦,西武,ビジター,3,ソフトバンク,NPB20260512SHL06
2026-05-12,公式戦,巨人,ホーム,5,広島,NPB20260512YGHC01
2026-05-12,公式戦,広島,ビジター,3,巨人,NPB20260512YGHC01
2026-05-12,公式戦,ヤクルト,ホーム,0,阪神,NPB20260512YSHT02
2026-05-12,公式戦,阪神,ビジター,10,ヤクルト,NPB20260512YSHT02
2026-05-13,公式戦,DeNA,ホーム,5,中日,NPB20260513DBCD03
2026-05-13,公式戦,中日,ビジター,0,DeNA,NPB20260513DBCD03
2026-05-13,公式戦,ロッテ,ホーム,2,日本ハム,NPB20260513MF04
2026-05-13,公式戦,日本ハム,ビジター,6,ロッテ,NPB20260513MF04
2026-05-13,公式戦,ソフトバンク,ホーム,1,西武,NPB20260513SHL05
2026-05-13,公式戦,西武,ビジター,2,ソフトバンク,NPB20260513SHL05
2026-05-13,公式戦,巨人,ホーム,4,広島,NPB20260513YGHC01
2026-05-13,公式戦,広島,ビジター,2,巨人,NPB20260513YGHC01
2026-05-13,公式戦,ヤクルト,ホーム,4,阪神,NPB20260513YSHT02
2026-05-13,公式戦,阪神,ビジター,2,ヤクルト,NPB20260513YSHT02
2026-05-14,公式戦,DeNA,ホーム,0,中日,NPB20260514DBCD01
2026-05-14,公式戦,中日,ビジター,0,DeNA,NPB20260514DBCD01
2026-05-14,公式戦,楽天,ホーム,3,オリックス,NPB20260514EB02
2026-05-14,公式戦,オリックス,ビジター,0,楽天,NPB20260514EB02
2026-05-14,公式戦,ロッテ,ホーム,5,日本ハム,NPB20260514MF03
2026-05-14,公式戦,日本ハム,ビジター,3,ロッテ,NPB20260514MF03
2026-05-15,公式戦,中日,ホーム,5,ヤクルト,NPB20260515CDYS02
2026-05-15,公式戦,ヤクルト,ビジター,8,中日,NPB20260515CDYS02
2026-05-15,公式戦,楽天,ホーム,6,ソフトバンク,NPB20260515ESH05
2026-05-15,公式戦,ソフトバンク,ビジター,3,楽天,NPB20260515ESH05
2026-05-15,公式戦,日本ハム,ホーム,0,西武,NPB20260515FL04
2026-05-15,公式戦,西武,ビジター,3,日本ハム,NPB20260515FL04
2026-05-15,公式戦,阪神,ホーム,0,広島,NPB20260515HTHC03
2026-05-15,公式戦,広島,ビジター,2,阪神,NPB20260515HTHC03
2026-05-15,公式戦,ロッテ,ホーム,6,オリックス,NPB20260515MB06
2026-05-15,公式戦,オリックス,ビジター,3,ロッテ,NPB20260515MB06
2026-05-15,公式戦,巨人,ホーム,2,DeNA,NPB20260515YGDB01
2026-05-15,公式戦,DeNA,ビジター,0,巨人,NPB20260515YGDB01
2026-05-16,公式戦,中日,ホーム,8,ヤクルト,NPB20260516CDYS02
2026-05-16,公式戦,ヤクルト,ビジター,0,中日,NPB20260516CDYS02
2026-05-16,公式戦,楽天,ホーム,4,ソフトバンク,NPB20260516ESH05
2026-05-16,公式戦,ソフトバンク,ビジター,3,楽天,NPB20260516ESH05
2026-05-16,公式戦,日本ハム,ホーム,5,西武,NPB20260516FL04
2026-05-16,公式戦,西武,ビジター,4,日本ハム,NPB20260516FL04
2026-05-16,公式戦,阪神,ホーム,3,広島,NPB20260516HTHC03
2026-05-16,公式戦,広島,ビジター,1,阪神,NPB20260516HTHC03
2026-05-16,公式戦,ロッテ,ホーム,2,オリックス,NPB20260516MB06
2026-05-16,公式戦,オリックス,ビジター,0,ロッテ,NPB20260516MB06
2026-05-16,公式戦,巨人,ホーム,4,DeNA,NPB20260516YGDB01
2026-05-16,公式戦,DeNA,ビジター,3,巨人,NPB20260516YGDB01
2026-05-17,公式戦,中日,ホーム,1,ヤクルト,NPB20260517CDYS02
2026-05-17,公式戦,ヤクルト,ビジター,5,中日,NPB20260517CDYS02
2026-05-17,公式戦,楽天,ホーム,1,ソフトバンク,NPB20260517ESH05
2026-05-17,公式戦,ソフトバンク,ビジター,5,楽天,NPB20260517ESH05
2026-05-17,公式戦,日本ハム,ホーム,3,西武,NPB20260517FL04
2026-05-17,公式戦,西武,ビジター,6,日本ハム,NPB20260517FL04
2026-05-17,公式戦,阪神,ホーム,0,広島,NPB20260517HTHC03
2026-05-17,公式戦,広島,ビジター,1,阪神,NPB20260517HTHC03
2026-05-17,公式戦,ロッテ,ホーム,3,オリックス,NPB20260517MB06
2026-05-17,公式戦,オリックス,ビジター,2,ロッテ,NPB20260517MB06
2026-05-17,公式戦,巨人,ホーム,1,DeNA,NPB20260517YGDB01
2026-05-17,公式戦,DeNA,ビジター,0,巨人,NPB20260517YGDB01
2026-05-19,公式戦,オリックス,ホーム,2,ソフトバンク,NPB20260519BSH06
2026-05-19,公式戦,ソフトバンク,ビジター,1,オリックス,NPB20260519BSH06
2026-05-19,公式戦,日本ハム,ホーム,6,楽天,NPB20260519FE04
2026-05-19,公式戦,楽天,ビジター,2,日本ハム,NPB20260519FE04
2026-05-19,公式戦,広島,ホーム,3,DeNA,NPB20260519HCDB03
2026-05-19,公式戦,DeNA,ビジター,1,広島,NPB20260519HCDB03
2026-05-19,公式戦,阪神,ホーム,4,中日,NPB20260519HTCD02
2026-05-19,公式戦,中日,ビジター,2,阪神,NPB20260519HTCD02
2026-05-19,公式戦,西武,ホーム,3,ロッテ,NPB20260519LM05
2026-05-19,公式戦,ロッテ,ビジター,2,西武,NPB20260519LM05
2026-05-19,公式戦,ヤクルト,ホーム,0,巨人,NPB20260519YSYG01
2026-05-19,公式戦,巨人,ビジター,2,ヤクルト,NPB20260519YSYG01
2026-05-20,公式戦,オリックス,ホーム,8,ソフトバンク,NPB20260520BSH05
2026-05-20,公式戦,ソフトバンク,ビジター,3,オリックス,NPB20260520BSH05
2026-05-20,公式戦,日本ハム,ホーム,5,楽天,NPB20260520FE03
2026-05-20,公式戦,楽天,ビジター,3,日本ハム,NPB20260520FE03
2026-05-20,公式戦,広島,ホーム,3,DeNA,NPB20260520HCDB02
2026-05-20,公式戦,DeNA,ビジター,4,広島,NPB20260520HCDB02
2026-05-20,公式戦,阪神,ホーム,8,中日,NPB20260520HTCD01
2026-05-20,公式戦,中日,ビジター,7,阪神,NPB20260520HTCD01
2026-05-20,公式戦,西武,ホーム,1,ロッテ,NPB20260520LM04
2026-05-20,公式戦,ロッテ,ビジター,3,西武,NPB20260520LM04
2026-05-21,公式戦,広島,ホーム,3,DeNA,NPB20260521HCDB02
2026-05-21,公式戦,DeNA,ビジター,1,広島,NPB20260521HCDB02
2026-05-21,公式戦,ヤクルト,ホーム,3,巨人,NPB20260521YSYG01
2026-05-21,公式戦,巨人,ビジター,1,ヤクルト,NPB20260521YSYG01
2026-05-22,公式戦,中日,ホーム,6,広島,NPB20260522CDHC02
2026-05-22,公式戦,広島,ビジター,2,中日,NPB20260522CDHC02
2026-05-22,公式戦,楽天,ホーム,1,ロッテ,NPB20260522EM03
2026-05-22,公式戦,ロッテ,ビジター,2,楽天,NPB20260522EM03
2026-05-22,公式戦,西武,ホーム,1,オリックス,NPB20260522LB04
2026-05-22,公式戦,オリックス,ビジター,5,西武,NPB20260522LB04
2026-05-22,公式戦,ソフトバンク,ホーム,10,日本ハム,NPB20260522SHF05
2026-05-22,公式戦,日本ハム,ビジター,0,ソフトバンク,NPB20260522SHF05
2026-05-22,公式戦,巨人,ホーム,4,阪神,NPB20260522YGHT01
2026-05-22,公式戦,阪神,ビジター,7,巨人,NPB20260522YGHT01
2026-05-23,公式戦,中日,ホーム,3,広島,NPB20260523CDHC03
2026-05-23,公式戦,広島,ビジター,5,中日,NPB20260523CDHC03
2026-05-23,公式戦,DeNA,ホーム,0,ヤクルト,NPB20260523DBYS02
2026-05-23,公式戦,ヤクルト,ビジター,6,DeNA,NPB20260523DBYS02
2026-05-23,公式戦,楽天,ホーム,6,ロッテ,NPB20260523EM04
2026-05-23,公式戦,ロッテ,ビジター,7,楽天,NPB20260523EM04
2026-05-23,公式戦,西武,ホーム,4,オリックス,NPB20260523LB05
2026-05-23,公式戦,オリックス,ビジター,1,西武,NPB20260523LB05
2026-05-23,公式戦,ソフトバンク,ホーム,11,日本ハム,NPB20260523SHF06
2026-05-23,公式戦,日本ハム,ビジター,1,ソフトバンク,NPB20260523SHF06
2026-05-23,公式戦,巨人,ホーム,0,阪神,NPB20260523YGHT01
2026-05-23,公式戦,阪神,ビジター,3,巨人,NPB20260523YGHT01
2026-05-24,公式戦,中日,ホーム,3,広島,NPB20260524CDHC03
2026-05-24,公式戦,広島,ビジター,5,中日,NPB20260524CDHC03
2026-05-24,公式戦,DeNA,ホーム,1,ヤクルト,NPB20260524DBYS02
2026-05-24,公式戦,ヤクルト,ビジター,0,DeNA,NPB20260524DBYS02
2026-05-24,公式戦,楽天,ホーム,8,ロッテ,NPB20260524EM04
2026-05-24,公式戦,ロッテ,ビジター,5,楽天,NPB20260524EM04
2026-05-24,公式戦,西武,ホーム,4,オリックス,NPB20260524LB05
2026-05-24,公式戦,オリックス,ビジター,3,西武,NPB20260524LB05
2026-05-24,公式戦,ソフトバンク,ホーム,7,日本ハム,NPB20260524SHF06
2026-05-24,公式戦,日本ハム,ビジター,6,ソフトバンク,NPB20260524SHF06
2026-05-24,公式戦,巨人,ホーム,3,阪神,NPB20260524YGHT01
2026-05-24,公式戦,阪神,ビジター,6,巨人,NPB20260524YGHT01
2026-05-26,公式戦,中日,ホーム,1,楽天,NPB20260526CDE04
2026-05-26,公式戦,楽天,ビジター,0,中日,NPB20260526CDE04
2026-05-26,公式戦,DeNA,ホーム,1,オリックス,NPB20260526DBB03
2026-05-26,公式戦,オリックス,ビジター,7,DeNA,NPB20260526DBB03
2026-05-26,公式戦,広島,ホーム,1,ロッテ,NPB20260526HCM06
2026-05-26,公式戦,ロッテ,ビジター,3,広島,NPB20260526HCM06
2026-05-26,公式戦,阪神,ホーム,0,日本ハム,NPB20260526HTF05
2026-05-26,公式戦,日本ハム,ビジター,4,阪神,NPB20260526HTF05
2026-05-26,公式戦,巨人,ホーム,3,ソフトバンク,NPB20260526YGSH01
2026-05-26,公式戦,ソフトバンク,ビジター,8,巨人,NPB20260526YGSH01
2026-05-26,公式戦,ヤクルト,ホーム,1,西武,NPB20260526YSL02
2026-05-26,公式戦,西武,ビジター,2,ヤクルト,NPB20260526YSL02
2026-05-27,公式戦,中日,ホーム,7,楽天,NPB20260527CDE04
2026-05-27,公式戦,楽天,ビジター,2,中日,NPB20260527CDE04
2026-05-27,公式戦,DeNA,ホーム,2,オリックス,NPB20260527DBB03
2026-05-27,公式戦,オリックス,ビジター,5,DeNA,NPB20260527DBB03
2026-05-27,公式戦,広島,ホーム,4,ロッテ,NPB20260527HCM06
2026-05-27,公式戦,ロッテ,ビジター,5,広島,NPB20260527HCM06
2026-05-27,公式戦,阪神,ホーム,2,日本ハム,NPB20260527HTF05
2026-05-27,公式戦,日本ハム,ビジター,5,阪神,NPB20260527HTF05
2026-05-27,公式戦,巨人,ホーム,5,ソフトバンク,NPB20260527YGSH01
2026-05-27,公式戦,ソフトバンク,ビジター,1,巨人,NPB20260527YGSH01
2026-05-27,公式戦,ヤクルト,ホーム,2,西武,NPB20260527YSL02
2026-05-27,公式戦,西武,ビジター,2,ヤクルト,NPB20260527YSL02
2026-05-28,公式戦,中日,ホーム,2,楽天,NPB20260528CDE04
2026-05-28,公式戦,楽天,ビジター,1,中日,NPB20260528CDE04
2026-05-28,公式戦,DeNA,ホーム,3,オリックス,NPB20260528DBB03
2026-05-28,公式戦,オリックス,ビジター,1,DeNA,NPB20260528DBB03
2026-05-28,公式戦,広島,ホーム,3,ロッテ,NPB20260528HCM06
2026-05-28,公式戦,ロッテ,ビジター,6,広島,NPB20260528HCM06
2026-05-28,公式戦,阪神,ホーム,2,日本ハム,NPB20260528HTF05
2026-05-28,公式戦,日本ハム,ビジター,4,阪神,NPB20260528HTF05
2026-05-28,公式戦,巨人,ホーム,4,ソフトバンク,NPB20260528YGSH01
2026-05-28,公式戦,ソフトバンク,ビジター,8,巨人,NPB20260528YGSH01
2026-05-28,公式戦,ヤクルト,ホーム,0,西武,NPB20260528YSL02
2026-05-28,公式戦,西武,ビジター,8,ヤクルト,NPB20260528YSL02
2026-05-29,公式戦,オリックス,ホーム,1,中日,NPB20260529BCD05
2026-05-29,公式戦,中日,ビジター,5,オリックス,NPB20260529BCD05
2026-05-29,公式戦,楽天,ホーム,2,ヤクルト,NPB20260529EYS02
2026-05-29,公式戦,ヤクルト,ビジター,7,楽天,NPB20260529EYS02
2026-05-29,公式戦,日本ハム,ホーム,2,巨人,NPB20260529FYG01
2026-05-29,公式戦,巨人,ビジター,4,日本ハム,NPB20260529FYG01
2026-05-29,公式戦,西武,ホーム,13,DeNA,NPB20260529LDB03
2026-05-29,公式戦,DeNA,ビジター,4,西武,NPB20260529LDB03
2026-05-29,公式戦,ロッテ,ホーム,0,阪神,NPB20260529MHT04
2026-05-29,公式戦,阪神,ビジター,1,ロッテ,NPB20260529MHT04
2026-05-29,公式戦,ソフトバンク,ホーム,2,広島,NPB20260529SHHC06
2026-05-29,公式戦,広島,ビジター,0,ソフトバンク,NPB20260529SHHC06
2026-05-30,公式戦,オリックス,ホーム,3,中日,NPB20260530BCD05
2026-05-30,公式戦,中日,ビジター,1,オリックス,NPB20260530BCD05
2026-05-30,公式戦,楽天,ホーム,7,ヤクルト,NPB20260530EYS02
2026-05-30,公式戦,ヤクルト,ビジター,8,楽天,NPB20260530EYS02
2026-05-30,公式戦,日本ハム,ホーム,3,巨人,NPB20260530FYG01
2026-05-30,公式戦,巨人,ビジター,5,日本ハム,NPB20260530FYG01
2026-05-30,公式戦,西武,ホーム,6,DeNA,NPB20260530LDB03
2026-05-30,公式戦,DeNA,ビジター,0,西武,NPB20260530LDB03
2026-05-30,公式戦,ロッテ,ホーム,3,阪神,NPB20260530MHT04
2026-05-30,公式戦,阪神,ビジター,4,ロッテ,NPB20260530MHT04
2026-05-30,公式戦,ソフトバンク,ホーム,4,広島,NPB20260530SHHC06
2026-05-30,公式戦,広島,ビジター,2,ソフトバンク,NPB20260530SHHC06
2026-05-31,公式戦,オリックス,ホーム,7,中日,NPB20260531BCD05
2026-05-31,公式戦,中日,ビジター,5,オリックス,NPB20260531BCD05
2026-05-31,公式戦,楽天,ホーム,1,ヤクルト,NPB20260531EYS02
2026-05-31,公式戦,ヤクルト,ビジター,2,楽天,NPB20260531EYS02
2026-05-31,公式戦,日本ハム,ホーム,3,巨人,NPB20260531FYG01
2026-05-31,公式戦,巨人,ビジター,0,日本ハム,NPB20260531FYG01
2026-05-31,公式戦,西武,ホーム,0,DeNA,NPB20260531LDB03
2026-05-31,公式戦,DeNA,ビジター,6,西武,NPB20260531LDB03
2026-05-31,公式戦,ロッテ,ホーム,4,阪神,NPB20260531MHT04
2026-05-31,公式戦,阪神,ビジター,2,ロッテ,NPB20260531MHT04
2026-05-31,公式戦,ソフトバンク,ホーム,3,広島,NPB20260531SHHC06
2026-05-31,公式戦,広島,ビジター,1,ソフトバンク,NPB20260531SHHC06
2026-06-02,公式戦,中日,ホーム,0,ソフトバンク,NPB20260602CDSH04
2026-06-02,公式戦,ソフトバンク,ビジター,3,中日,NPB20260602CDSH04
2026-06-02,公式戦,DeNA,ホーム,3,楽天,NPB20260602DBE03
2026-06-02,公式戦,楽天,ビジター,7,DeNA,NPB20260602DBE03
2026-06-02,公式戦,巨人,ホーム,3,オリックス,NPB20260602YGB01
2026-06-02,公式戦,オリックス,ビジター,2,巨人,NPB20260602YGB01
2026-06-02,公式戦,ヤクルト,ホーム,0,ロッテ,NPB20260602YSM02
2026-06-02,公式戦,ロッテ,ビジター,5,ヤクルト,NPB20260602YSM02
2026-06-03,公式戦,中日,ホーム,5,ソフトバンク,NPB20260603CDSH04
2026-06-03,公式戦,ソフトバンク,ビジター,8,中日,NPB20260603CDSH04
2026-06-03,公式戦,DeNA,ホーム,0,楽天,NPB20260603DBE03
2026-06-03,公式戦,楽天,ビジター,2,DeNA,NPB20260603DBE03
2026-06-03,公式戦,広島,ホーム,3,日本ハム,NPB20260603HCF06
2026-06-03,公式戦,日本ハム,ビジター,1,広島,NPB20260603HCF06
2026-06-03,公式戦,阪神,ホーム,2,西武,NPB20260603HTL05
2026-06-03,公式戦,西武,ビジター,3,阪神,NPB20260603HTL05
2026-06-03,公式戦,巨人,ホーム,5,オリックス,NPB20260603YGB01
2026-06-03,公式戦,オリックス,ビジター,4,巨人,NPB20260603YGB01
2026-06-03,公式戦,ヤクルト,ホーム,1,ロッテ,NPB20260603YSM02
2026-06-03,公式戦,ロッテ,ビジター,0,ヤクルト,NPB20260603YSM02
2026-06-04,公式戦,中日,ホーム,1,ソフトバンク,NPB20260604CDSH04
2026-06-04,公式戦,ソフトバンク,ビジター,2,中日,NPB20260604CDSH04
2026-06-04,公式戦,DeNA,ホーム,8,楽天,NPB20260604DBE03
2026-06-04,公式戦,楽天,ビジター,7,DeNA,NPB20260604DBE03
2026-06-04,公式戦,広島,ホーム,2,日本ハム,NPB20260604HCF06
2026-06-04,公式戦,日本ハム,ビジター,5,広島,NPB20260604HCF06
2026-06-04,公式戦,阪神,ホーム,2,西武,NPB20260604HTL05
2026-06-04,公式戦,西武,ビジター,4,阪神,NPB20260604HTL05
2026-06-04,公式戦,巨人,ホーム,2,オリックス,NPB20260604YGB01
2026-06-04,公式戦,オリックス,ビジター,1,巨人,NPB20260604YGB01
2026-06-04,公式戦,ヤクルト,ホーム,2,ロッテ,NPB20260604YSM02
2026-06-04,公式戦,ロッテ,ビジター,5,ヤクルト,NPB20260604YSM02
2026-06-05,公式戦,中日,ホーム,1,西武,NPB20260605CDL04
2026-06-05,公式戦,西武,ビジター,0,中日,NPB20260605CDL04
2026-06-05,公式戦,DeNA,ホーム,8,ソフトバンク,NPB20260605DBSH03
2026-06-05,公式戦,ソフトバンク,ビジター,3,DeNA,NPB20260605DBSH03
2026-06-05,公式戦,広島,ホーム,2,オリックス,NPB20260605HCB06
2026-06-05,公式戦,オリックス,ビジター,2,広島,NPB20260605HCB06
2026-06-05,公式戦,阪神,ホーム,8,楽天,NPB20260605HTE05
2026-06-05,公式戦,楽天,ビジター,1,阪神,NPB20260605HTE05
2026-06-05,公式戦,巨人,ホーム,8,ロッテ,NPB20260605YGM01
2026-06-05,公式戦,ロッテ,ビジター,2,巨人,NPB20260605YGM01
2026-06-05,公式戦,ヤクルト,ホーム,1,日本ハム,NPB20260605YSF02
2026-06-05,公式戦,日本ハム,ビジター,3,ヤクルト,NPB20260605YSF02
2026-06-06,公式戦,中日,ホーム,2,西武,NPB20260606CDL04
2026-06-06,公式戦,西武,ビジター,5,中日,NPB20260606CDL04
2026-06-06,公式戦,DeNA,ホーム,3,ソフトバンク,NPB20260606DBSH03
2026-06-06,公式戦,ソフトバンク,ビジター,6,DeNA,NPB20260606DBSH03
2026-06-06,公式戦,広島,ホーム,7,オリックス,NPB20260606HCB06
2026-06-06,公式戦,オリックス,ビジター,4,広島,NPB20260606HCB06
2026-06-06,公式戦,阪神,ホーム,1,楽天,NPB20260606HTE05
2026-06-06,公式戦,楽天,ビジター,0,阪神,NPB20260606HTE05
2026-06-06,公式戦,巨人,ホーム,1,ロッテ,NPB20260606YGM01
2026-06-06,公式戦,ロッテ,ビジター,1,巨人,NPB20260606YGM01
2026-06-06,公式戦,ヤクルト,ホーム,0,日本ハム,NPB20260606YSF02
2026-06-06,公式戦,日本ハム,ビジター,2,ヤクルト,NPB20260606YSF02
2026-06-07,公式戦,中日,ホーム,1,西武,NPB20260607CDL04
2026-06-07,公式戦,西武,ビジター,4,中日,NPB20260607CDL04
2026-06-07,公式戦,DeNA,ホーム,2,ソフトバンク,NPB20260607DBSH03
2026-06-07,公式戦,ソフトバンク,ビジター,4,DeNA,NPB20260607DBSH03
2026-06-07,公式戦,広島,ホーム,5,オリックス,NPB20260607HCB05
2026-06-07,公式戦,オリックス,ビジター,2,広島,NPB20260607HCB05
2026-06-07,公式戦,阪神,ホーム,5,楽天,NPB20260607HTE05
2026-06-07,公式戦,楽天,ビジター,2,阪神,NPB20260607HTE05
2026-06-07,公式戦,巨人,ホーム,2,ロッテ,NPB20260607YGM01
2026-06-07,公式戦,ロッテ,ビジター,2,巨人,NPB20260607YGM01
2026-06-07,公式戦,ヤクルト,ホーム,1,日本ハム,NPB20260607YSF02
2026-06-07,公式戦,日本ハム,ビジター,7,ヤクルト,NPB20260607YSF02
2026-06-09,公式戦,オリックス,ホーム,4,ヤクルト,NPB20260609BYS05
2026-06-09,公式戦,ヤクルト,ビジター,3,オリックス,NPB20260609BYS05
2026-06-09,公式戦,楽天,ホーム,2,巨人,NPB20260609EYG02
2026-06-09,公式戦,巨人,ビジター,8,楽天,NPB20260609EYG02
2026-06-09,公式戦,日本ハム,ホーム,4,DeNA,NPB20260609FDB01
2026-06-09,公式戦,DeNA,ビジター,1,日本ハム,NPB20260609FDB01
2026-06-09,公式戦,西武,ホーム,4,広島,NPB20260609LHC03
2026-06-09,公式戦,広島,ビジター,3,西武,NPB20260609LHC03
2026-06-09,公式戦,ロッテ,ホーム,3,中日,NPB20260609MCD04
2026-06-09,公式戦,中日,ビジター,1,ロッテ,NPB20260609MCD04
2026-06-09,公式戦,ソフトバンク,ホーム,10,阪神,NPB20260609SHHT06
2026-06-09,公式戦,阪神,ビジター,4,ソフトバンク,NPB20260609SHHT06
2026-06-10,公式戦,オリックス,ホーム,8,ヤクルト,NPB20260610BYS05
2026-06-10,公式戦,ヤクルト,ビジター,4,オリックス,NPB20260610BYS05
2026-06-10,公式戦,楽天,ホーム,0,巨人,NPB20260610EYG02
2026-06-10,公式戦,巨人,ビジター,7,楽天,NPB20260610EYG02
2026-06-10,公式戦,日本ハム,ホーム,4,DeNA,NPB20260610FDB01
2026-06-10,公式戦,DeNA,ビジター,2,日本ハム,NPB20260610FDB01
2026-06-10,公式戦,西武,ホーム,5,広島,NPB20260610LHC03
2026-06-10,公式戦,広島,ビジター,4,西武,NPB20260610LHC03
2026-06-10,公式戦,ロッテ,ホーム,4,中日,NPB20260610MCD04
2026-06-10,公式戦,中日,ビジター,11,ロッテ,NPB20260610MCD04
2026-06-10,公式戦,ソフトバンク,ホーム,6,阪神,NPB20260610SHHT06
2026-06-10,公式戦,阪神,ビジター,2,ソフトバンク,NPB20260610SHHT06
2026-06-11,公式戦,オリックス,ホーム,4,ヤクルト,NPB20260611BYS05
2026-06-11,公式戦,ヤクルト,ビジター,2,オリックス,NPB20260611BYS05
2026-06-11,公式戦,楽天,ホーム,8,巨人,NPB20260611EYG02
2026-06-11,公式戦,巨人,ビジター,2,楽天,NPB20260611EYG02
2026-06-11,公式戦,日本ハム,ホーム,3,DeNA,NPB20260611FDB01
2026-06-11,公式戦,DeNA,ビジター,0,日本ハム,NPB20260611FDB01
2026-06-11,公式戦,西武,ホーム,4,広島,NPB20260611LHC03
2026-06-11,公式戦,広島,ビジター,1,西武,NPB20260611LHC03
2026-06-11,公式戦,ロッテ,ホーム,3,中日,NPB20260611MCD04
2026-06-11,公式戦,中日,ビジター,2,ロッテ,NPB20260611MCD04
2026-06-11,公式戦,ソフトバンク,ホーム,3,阪神,NPB20260611SHHT06
2026-06-11,公式戦,阪神,ビジター,2,ソフトバンク,NPB20260611SHHT06
2026-06-12,公式戦,オリックス,ホーム,2,阪神,NPB20260612BHT05
2026-06-12,公式戦,阪神,ビジター,1,オリックス,NPB20260612BHT05
2026-06-12,公式戦,楽天,ホーム,2,広島,NPB20260612EHC02
2026-06-12,公式戦,広島,ビジター,1,楽天,NPB20260612EHC02
2026-06-12,公式戦,日本ハム,ホーム,3,中日,NPB20260612FCD01
2026-06-12,公式戦,中日,ビジター,1,日本ハム,NPB20260612FCD01
2026-06-12,公式戦,西武,ホーム,3,巨人,NPB20260612LYG03
2026-06-12,公式戦,巨人,ビジター,0,西武,NPB20260612LYG03
2026-06-12,公式戦,ロッテ,ホーム,3,DeNA,NPB20260612MDB04
2026-06-12,公式戦,DeNA,ビジター,2,ロッテ,NPB20260612MDB04
2026-06-12,公式戦,ソフトバンク,ホーム,2,ヤクルト,NPB20260612SHYS06
2026-06-12,公式戦,ヤクルト,ビジター,4,ソフトバンク,NPB20260612SHYS06
2026-06-13,公式戦,オリックス,ホーム,3,阪神,NPB20260613BHT05
2026-06-13,公式戦,阪神,ビジター,6,オリックス,NPB20260613BHT05
2026-06-13,公式戦,楽天,ホーム,0,広島,NPB20260613EHC02
2026-06-13,公式戦,広島,ビジター,2,楽天,NPB20260613EHC02
2026-06-13,公式戦,日本ハム,ホーム,4,中日,NPB20260613FCD01
2026-06-13,公式戦,中日,ビジター,3,日本ハム,NPB20260613FCD01
2026-06-13,公式戦,西武,ホーム,1,巨人,NPB20260613LYG03
2026-06-13,公式戦,巨人,ビジター,2,西武,NPB20260613LYG03
2026-06-13,公式戦,ロッテ,ホーム,6,DeNA,NPB20260613MDB04
2026-06-13,公式戦,DeNA,ビジター,16,ロッテ,NPB20260613MDB04
2026-06-13,公式戦,ソフトバンク,ホーム,8,ヤクルト,NPB20260613SHYS06
2026-06-13,公式戦,ヤクルト,ビジター,1,ソフトバンク,NPB20260613SHYS06
2026-06-14,公式戦,オリックス,ホーム,3,阪神,NPB20260614BHT05
2026-06-14,公式戦,阪神,ビジター,2,オリックス,NPB20260614BHT05
2026-06-14,公式戦,楽天,ホーム,0,広島,NPB20260614EHC02
2026-06-14,公式戦,広島,ビジター,3,楽天,NPB20260614EHC02
2026-06-14,公式戦,日本ハム,ホーム,5,中日,NPB20260614FCD01
2026-06-14,公式戦,中日,ビジター,9,日本ハム,NPB20260614FCD01
2026-06-14,公式戦,西武,ホーム,1,巨人,NPB20260614LYG03
2026-06-14,公式戦,巨人,ビジター,0,西武,NPB20260614LYG03
2026-06-14,公式戦,ロッテ,ホーム,6,DeNA,NPB20260614MDB04
2026-06-14,公式戦,DeNA,ビジター,4,ロッテ,NPB20260614MDB04
2026-06-14,公式戦,ソフトバンク,ホーム,0,ヤクルト,NPB20260614SHYS06
2026-06-14,公式戦,ヤクルト,ビジター,4,ソフトバンク,NPB20260614SHYS06
2026-06-16,公式戦,広島,ホーム,0,日本ハム,NPB20260616HCF02
2026-06-16,公式戦,日本ハム,ビジター,2,広島,NPB20260616HCF02
2026-06-16,公式戦,阪神,ホーム,0,西武,NPB20260616HTL01
2026-06-16,公式戦,西武,ビジター,1,阪神,NPB20260616HTL01
2026-06-17,公式戦,阪神,ホーム,10,楽天,NPB20260617HTE01
2026-06-17,公式戦,楽天,ビジター,3,阪神,NPB20260617HTE01
2026-06-19,公式戦,オリックス,ホーム,6,西武,NPB20260619BL06
2026-06-19,公式戦,西武,ビジター,5,オリックス,NPB20260619BL06
2026-06-19,公式戦,DeNA,ホーム,3,阪神,NPB20260619DBHT03
2026-06-19,公式戦,阪神,ビジター,11,DeNA,NPB20260619DBHT03
2026-06-19,公式戦,日本ハム,ホーム,4,ソフトバンク,NPB20260619FSH04
2026-06-19,公式戦,ソフトバンク,ビジター,3,日本ハム,NPB20260619FSH04
2026-06-19,公式戦,ロッテ,ホーム,8,楽天,NPB20260619ME05
2026-06-19,公式戦,楽天,ビジター,5,ロッテ,NPB20260619ME05
2026-06-19,公式戦,巨人,ホーム,2,中日,NPB20260619YGCD01
2026-06-19,公式戦,中日,ビジター,3,巨人,NPB20260619YGCD01
2026-06-19,公式戦,ヤクルト,ホーム,9,広島,NPB20260619YSHC02
2026-06-19,公式戦,広島,ビジター,2,ヤクルト,NPB20260619YSHC02
2026-06-20,公式戦,オリックス,ホーム,0,西武,NPB20260620BL04
2026-06-20,公式戦,西武,ビジター,4,オリックス,NPB20260620BL04
2026-06-20,公式戦,DeNA,ホーム,7,阪神,NPB20260620DBHT03
2026-06-20,公式戦,阪神,ビジター,10,DeNA,NPB20260620DBHT03
2026-06-20,公式戦,日本ハム,ホーム,7,ソフトバンク,NPB20260620FSH03
2026-06-20,公式戦,ソフトバンク,ビジター,10,日本ハム,NPB20260620FSH03
2026-06-20,公式戦,日本ハム,ホーム,0,ソフトバンク,NPB20260620FSH04
2026-06-20,公式戦,ソフトバンク,ビジター,4,日本ハム,NPB20260620FSH04
2026-06-20,公式戦,巨人,ホーム,1,中日,NPB20260620YGCD01
2026-06-20,公式戦,中日,ビジター,0,巨人,NPB20260620YGCD01
2026-06-20,公式戦,ヤクルト,ホーム,6,広島,NPB20260620YSHC02
2026-06-20,公式戦,広島,ビジター,8,ヤクルト,NPB20260620YSHC02
2026-06-21,公式戦,オリックス,ホーム,3,西武,NPB20260621BL06
2026-06-21,公式戦,西武,ビジター,5,オリックス,NPB20260621BL06
2026-06-21,公式戦,DeNA,ホーム,1,阪神,NPB20260621DBHT03
2026-06-21,公式戦,阪神,ビジター,2,DeNA,NPB20260621DBHT03
2026-06-21,公式戦,日本ハム,ホーム,0,ソフトバンク,NPB20260621FSH04
2026-06-21,公式戦,ソフトバンク,ビジター,8,日本ハム,NPB20260621FSH04
2026-06-21,公式戦,ロッテ,ホーム,7,楽天,NPB20260621ME05
2026-06-21,公式戦,楽天,ビジター,4,ロッテ,NPB20260621ME05
2026-06-21,公式戦,巨人,ホーム,3,中日,NPB20260621YGCD01
2026-06-21,公式戦,中日,ビジター,5,巨人,NPB20260621YGCD01
2026-06-21,公式戦,ヤクルト,ホーム,1,広島,NPB20260621YSHC02
2026-06-21,公式戦,広島,ビジター,2,ヤクルト,NPB20260621YSHC02
2026-06-22,公式戦,楽天,ホーム,8,西武,NPB20260622EL01
2026-06-22,公式戦,西武,ビジター,7,楽天,NPB20260622EL01
2026-06-23,公式戦,中日,ホーム,5,DeNA,NPB20260623CDDB01
2026-06-23,公式戦,DeNA,ビジター,2,中日,NPB20260623CDDB01
2026-06-23,公式戦,楽天,ホーム,8,西武,NPB20260623EL05
2026-06-23,公式戦,西武,ビジター,4,楽天,NPB20260623EL05
2026-06-23,公式戦,日本ハム,ホーム,4,ロッテ,NPB20260623FM04
2026-06-23,公式戦,ロッテ,ビジター,0,日本ハム,NPB20260623FM04
2026-06-23,公式戦,広島,ホーム,3,巨人,NPB20260623HCYG03
2026-06-23,公式戦,巨人,ビジター,7,広島,NPB20260623HCYG03
2026-06-23,公式戦,阪神,ホーム,3,ヤクルト,NPB20260623HTYS02
2026-06-23,公式戦,ヤクルト,ビジター,4,阪神,NPB20260623HTYS02
2026-06-23,公式戦,ソフトバンク,ホーム,0,オリックス,NPB20260623SHB06
2026-06-23,公式戦,オリックス,ビジター,5,ソフトバンク,NPB20260623SHB06
2026-06-24,公式戦,中日,ホーム,4,DeNA,NPB20260624CDDB01
2026-06-24,公式戦,DeNA,ビジター,6,中日,NPB20260624CDDB01
2026-06-24,公式戦,日本ハム,ホーム,7,ロッテ,NPB20260624FM02
2026-06-24,公式戦,ロッテ,ビジター,4,日本ハム,NPB20260624FM02
2026-06-24,公式戦,広島,ホーム,8,巨人,NPB20260624HCYG03
2026-06-24,公式戦,巨人,ビジター,5,広島,NPB20260624HCYG03
2026-06-24,公式戦,阪神,ホーム,7,ヤクルト,NPB20260624HTYS02
2026-06-24,公式戦,ヤクルト,ビジター,4,阪神,NPB20260624HTYS02
2026-06-24,公式戦,ソフトバンク,ホーム,8,オリックス,NPB20260624SHB03
2026-06-24,公式戦,オリックス,ビジター,5,ソフトバンク,NPB20260624SHB03
2026-06-25,公式戦,中日,ホーム,3,DeNA,NPB20260625CDDB01
2026-06-25,公式戦,DeNA,ビジター,1,中日,NPB20260625CDDB01
2026-06-25,公式戦,楽天,ホーム,2,西武,NPB20260625EL02
2026-06-25,公式戦,西武,ビジター,0,楽天,NPB20260625EL02
2026-06-25,公式戦,楽天,ホーム,5,西武,NPB20260625EL03
2026-06-25,公式戦,西武,ビジター,2,楽天,NPB20260625EL03
2026-06-25,公式戦,阪神,ホーム,2,ヤクルト,NPB20260625HTYS02
2026-06-25,公式戦,ヤクルト,ビジター,0,阪神,NPB20260625HTYS02
2026-06-25,公式戦,ソフトバンク,ホーム,5,オリックス,NPB20260625SHB03
2026-06-25,公式戦,オリックス,ビジター,2,ソフトバンク,NPB20260625SHB03
2026-06-26,公式戦,西武,ホーム,4,日本ハム,NPB20260626LF01
2026-06-26,公式戦,日本ハム,ビジター,3,西武,NPB20260626LF01
2026-06-26,公式戦,ヤクルト,ホーム,4,中日,NPB20260626YSCD01
2026-06-26,公式戦,中日,ビジター,3,ヤクルト,NPB20260626YSCD01
2026-06-27,公式戦,ヤクルト,ホーム,3,中日,NPB20260627YSCD01
2026-06-27,公式戦,中日,ビジター,2,ヤクルト,NPB20260627YSCD01
